Date,Amazon,Iosys,BackMarket
2026-09-23 03:55,87900,92800,80100
2026-09-23 10:27,87900,92800,80100
2026-09-23 17:29,87900,92800,80100
2026-09-23 23:14,87900,92800,80100
2026-09-24 10:19,87900,92800,80100
2026-09-24 17:21,87900,92800,80100
2026-09-24 23:13,87900,92800,80100
2026-09-25 03:03,87900,92800,80100
2026-09-25 06:27,87900,92800,80100
2026-09-25 09:30,87900,92800,80100
2026-09-25 15:06,87900,92800,80100
2026-09-25 20:45,87900,92800,80100
2026-09-26 02:04,87900,92800,80100
2026-09-26 05:25,87900,92800,80100
2026-09-26 08:56,87900,92800,80100
2026-09-26 13:49,87900,92800,80100
2026-09-26 18:49,87900,92800,80100
2026-09-26 23:23,87900,92800,80100
2026-09-27 03:31,87900,92800,80100
2026-09-27 06:56,87900,92800,80100
2026-09-27 09:29,87900,92800,80100
2026-09-27 15:33,87900,92800,80100
2026-09-27 21:57,87900,92800,80100
2026-09-28 02:41,87900,92800,80100
2026-09-28 06:17,87900,92800,80100
2026-09-28 09:36,87900,92800,80100
2026-09-28 15:43,87900,92800,80100
2026-09-29 00:20,87900,92800,80100
2026-09-29 06:52,87900,92800,80100
2026-09-29 10:50,87900,92800,80100
2026-09-29 17:22,87900,92800,80100
2026-09-30 00:42,87900,92800,80100
2026-09-30 05:42,87900,92800,80100
2026-09-30 09:21,87900,92800,80100
2026-09-30 15:38,94900,92800,80100
2026-09-30 22:37,87900,92800,80100
2026-10-01 04:10,87900,92800,80100
2026-10-01 08:42,87900,92800,80100
2026-10-01 14:41,87900,92800,80100
2026-10-01 22:03,87900,92800,80100
2026-10-02 03:49,87900,92800,80100
2026-10-02 08:07,87900,92800,80100
2026-10-02 11:11,87900,92800,80100
2026-10-02 18:39,87900,92800,80100
2026-10-03 01:14,87900,92800,80100
2026-10-03 06:17,87900,92800,80100
2026-10-03 10:06,87900,92800,80100
2026-10-03 15:26,87900,92800,80100
2026-10-03 21:27,87900,92800,80100
2026-10-04 02:12,87900,92800,80100
2026-10-04 06:08,87900,92800,80100
2026-10-04 09:32,87900,92800,80100
2026-10-04 15:47,87900,92800,80100
2026-10-04 22:09,87900,92800,80100
2026-10-05 03:06,87900,92800,80100
2026-10-05 06:19,87900,92800,80100
2026-10-05 09:49,87900,92800,80100
2026-10-05 15:55,87900,92800,80100
2026-10-06 00:55,87900,92800,80100
2026-10-06 07:34,87900,92800,80100
2026-10-06 11:54,87900,92800,80100
2026-10-06 19:07,87900,92800,80100
2026-10-07 01:45,87900,92800,80100
